{"cameraMode":{"drawMode":0,"name":"Shaded","section":"Shading Mode"},"sceneLighting":false,"audioPlay":false,"sceneViewState":{"showFog":true,"showMaterialUpdate":true,"showSkybox":false,"showFlares":true,"showImageEffects":true,"showParticleSystems":true},"in2DMode":false,"pivot":{"x":-70.62442779541016,"y":281.73577880859377,"z":-36.69414520263672},"rotation":{"x":0.35314661264419558,"y":0.3588316738605499,"z":-0.14889387786388398,"w":0.8511067628860474},"size":63.199092864990237,"orthographic":false}