{"cameraMode":{"drawMode":0,"name":"Shaded","section":"Shading Mode"},"sceneLighting":false,"audioPlay":false,"sceneViewState":{"showFog":true,"showMaterialUpdate":true,"showSkybox":false,"showFlares":true,"showImageEffects":true,"showParticleSystems":true},"in2DMode":false,"pivot":{"x":12.199951171875,"y":-0.9399999976158142,"z":18.699951171875},"rotation":{"x":0.21989743411540986,"y":-0.13243219256401063,"z":0.030127322301268579,"w":0.9660482406616211},"size":5656.8544921875,"orthographic":false}