{"cameraMode":{"drawMode":0,"name":"Shaded","section":"Shading Mode"},"sceneLighting":false,"audioPlay":false,"sceneViewState":{"showFog":true,"showMaterialUpdate":true,"showSkybox":false,"showFlares":true,"showImageEffects":true,"showParticleSystems":true},"in2DMode":false,"pivot":{"x":0.06746596097946167,"y":0.2890775799751282,"z":0.022804975509643556},"rotation":{"x":0.21989743411540986,"y":-0.13243219256401063,"z":0.030127322301268579,"w":0.9660482406616211},"size":1.3756312131881714,"orthographic":false}