{"cameraMode":{"drawMode":0,"name":"Shaded","section":"Shading Mode"},"sceneLighting":false,"audioPlay":false,"sceneViewState":{"showFog":true,"showMaterialUpdate":true,"showSkybox":false,"showFlares":true,"showImageEffects":true,"showParticleSystems":true},"in2DMode":false,"pivot":{"x":0.0005886554718017578,"y":0.75,"z":-0.0005889534950256348},"rotation":{"x":0.07528867572546005,"y":-0.9183242321014404,"z":0.3253617584705353,"w":0.21250058710575105},"size":1.3524866104125977,"orthographic":false}