{"cameraMode":{"drawMode":0,"name":"Shaded","section":"Shading Mode"},"sceneLighting":false,"audioPlay":false,"sceneViewState":{"showFog":true,"showMaterialUpdate":true,"showSkybox":false,"showFlares":true,"showImageEffects":true,"showParticleSystems":true},"in2DMode":false,"pivot":{"x":-0.12069094181060791,"y":0.808204174041748,"z":0.05664718151092529},"rotation":{"x":0.037453919649124148,"y":-0.1357199102640152,"z":0.00511603057384491,"w":0.9900520443916321},"size":1.4690563678741456,"orthographic":false}