{"cameraMode":{"drawMode":0,"name":"Shaded","section":"Shading Mode"},"sceneLighting":false,"audioPlay":false,"sceneViewState":{"showFog":true,"showMaterialUpdate":true,"showSkybox":false,"showFlares":true,"showImageEffects":true,"showParticleSystems":true},"in2DMode":false,"pivot":{"x":-0.32002222537994387,"y":6.251149654388428,"z":-0.020093441009521486},"rotation":{"x":0.22349220514297486,"y":-0.4983092248439789,"z":0.13469773530960084,"w":0.8268022537231445},"size":6.550277233123779,"orthographic":false}