{"cameraMode":{"drawMode":0,"name":"Shaded","section":"Shading Mode"},"sceneLighting":false,"audioPlay":false,"sceneViewState":{"showFog":true,"showMaterialUpdate":true,"showSkybox":false,"showFlares":true,"showImageEffects":true,"showParticleSystems":true},"in2DMode":false,"pivot":{"x":0.058896780014038089,"y":-1.54716956615448,"z":0.04750874638557434},"rotation":{"x":0.21989743411540986,"y":-0.13243219256401063,"z":0.030127322301268579,"w":0.9660482406616211},"size":3.69834303855896,"orthographic":false}