{"cameraMode":{"drawMode":0,"name":"Shaded","section":"Shading Mode"},"sceneLighting":false,"audioPlay":false,"sceneViewState":{"showFog":true,"showMaterialUpdate":true,"showSkybox":false,"showFlares":true,"showImageEffects":true,"showParticleSystems":true},"in2DMode":false,"pivot":{"x":0.09815114736557007,"y":1.1040714979171754,"z":-0.13481439650058747},"rotation":{"x":-0.21128864586353303,"y":-0.7880091667175293,"z":0.4272419810295105,"w":-0.3897455036640167},"size":1.161552906036377,"orthographic":false}