{"cameraMode":{"drawMode":0,"name":"Shaded","section":"Shading Mode"},"sceneLighting":false,"audioPlay":false,"sceneViewState":{"showFog":true,"showMaterialUpdate":true,"showSkybox":false,"showFlares":true,"showImageEffects":true,"showParticleSystems":true},"in2DMode":false,"pivot":{"x":0.007224380970001221,"y":0.24417313933372498,"z":0.052962034940719607},"rotation":{"x":0.037453919649124148,"y":-0.1357199102640152,"z":0.00511603057384491,"w":0.9900520443916321},"size":0.6172925233840942,"orthographic":false}